{
  "beta": 0.5,
  "best_score_cv": 0.9555168770589759,
  "best_threshold": 0.8991302782269182,
  "best_params": {
    "n_estimators": 540,
    "max_depth": 8,
    "learning_rate": 0.036755745152568194,
    "subsample": 0.8919243950769474,
    "colsample_bytree": 0.8838720686589648,
    "min_child_weight": 1.542883307076515,
    "gamma": 0.04938376272488876,
    "scale_pos_weight": 7.157740309168391,
    "reg_lambda": 7.956771711673572,
    "reg_alpha": 4.190936824769324
  },
  "smote_ratio": 0.47633511484399915,
  "cv": {
    "type": "time_series",
    "min_train_size": 0.6,
    "n_splits": 5
  }
}