{
  "params": {
    "n_estimators": 675,
    "max_depth": 10,
    "learning_rate": 0.053221682810520976,
    "subsample": 0.8870137961788891,
    "colsample_bytree": 0.8479364277929549,
    "min_child_weight": 0.5498917717319562,
    "gamma": 4.902165175845363,
    "scale_pos_weight": 0.6556523100652769,
    "reg_lambda": 0.63588024676133,
    "reg_alpha": 9.65542975265847
  },
  "threshold": 0.7873279414566755,
  "f2": 0.19602504764497686,
  "acc": 0.936206053360865
}